Code,Constituency,Nation,Region,FemaleEligible,MaleEligible,TotalEligible,FemaleFurlough,FemaleTakeup,MaleFurlough,MaleTakeup,UnknownFurlough,TotalFurloughed,TotalTakeup,CumulativeFurloughed
W07000049,Aberavon,Wales,Wales,13300,13300,26600,1500,11%,1300,10%,0,2800,10%,8800
W07000058,Aberconwy,Wales,Wales,11900,10600,22400,2500,21%,2200,21%,0,4800,21%,10200
S14000001,Aberdeen North,Scotland,Scotland,21800,22400,44200,3500,16%,3400,15%,0,6900,16%,19100
S14000002,Aberdeen South,Scotland,Scotland,21100,22000,43100,3100,15%,3100,14%,0,6200,14%,16200
S14000003,Airdrie and Shotts,Scotland,Scotland,19600,19400,39000,2300,12%,2200,12%,0,4500,12%,15300
E14000530,Aldershot,England,South East,28100,28100,56200,3800,14%,3400,12%,0,7300,13%,21100
E14000531,Aldridge-Brownhills,England,West Midlands,16900,16300,33200,2500,15%,2100,13%,0,4600,14%,13900
E14000532,Altrincham and Sale West,England,North West,22700,22400,45100,3200,14%,3000,13%,0,6200,14%,15500
W07000043,Alyn and Deeside,Wales,Wales,20300,20000,40400,2800,14%,3000,15%,0,5800,14%,16800
E14000533,Amber Valley,England,East Midlands,19900,19800,39700,2800,14%,2200,11%,0,4900,12%,16800
S14000004,Angus,Scotland,Scotland,17500,17400,34900,2500,15%,2100,12%,0,4700,13%,13800
W07000057,Arfon,Wales,Wales,12700,11400,24100,1700,13%,1600,14%,0,3300,14%,8700
S14000005,Argyll and Bute,Scotland,Scotland,17800,16700,34600,3000,17%,2200,13%,0,5200,15%,12900
E14000534,Arundel and South Downs,England,South East,20900,20000,40800,3500,17%,2900,14%,0,6400,16%,16600
E14000535,Ashfield,England,East Midlands,22600,22600,45200,2900,13%,2600,11%,0,5500,12%,18500
E14000536,Ashford,England,South East,28200,27300,55500,4300,15%,3400,12%,0,7700,14%,21200
E14000537,Ashton-under-Lyne,England,North West,20900,20800,41700,2800,13%,2900,14%,0,5700,14%,16900
E14000538,Aylesbury,England,South East,29500,29900,59400,3800,13%,3500,12%,0,7200,12%,21200
S14000006,Ayr Carrick and Cumnock,Scotland,Scotland,18200,17000,35200,2800,15%,2800,16%,0,5500,16%,14300
E14000539,Banbury,England,South East,33300,34300,67600,5300,16%,4400,13%,0,9700,14%,27900
S14000007,Banff and Buchan,Scotland,Scotland,20200,20800,41000,2600,13%,2100,10%,0,4800,12%,15100
E14000540,Barking,England,London,30800,30300,61100,5200,17%,5300,18%,0,10500,17%,26600
E14000541,Barnsley Central,England,Yorkshire & Humber,20300,20200,40500,2300,12%,2100,10%,0,4400,11%,15000
E14000542,Barnsley East,England,Yorkshire & Humber,20200,19600,39800,2300,11%,2000,10%,0,4300,11%,15400
E14000543,Barrow and Furness,England,North West,19200,19600,38800,2500,13%,1900,10%,0,4400,11%,12100
E14000544,Basildon and Billericay,England,East of England,22100,21500,43700,3300,15%,2700,12%,0,6000,14%,16600
E14000545,Basingstoke,England,South East,29800,31000,60800,3900,13%,3400,11%,0,7200,12%,21200
E14000546,Bassetlaw,England,East Midlands,23900,24100,48000,3100,13%,2600,11%,0,5700,12%,17300
E14000547,Bath,England,South West,19100,18700,37800,3400,18%,3200,17%,0,6600,17%,16200
E14000548,Batley and Spen,England,Yorkshire & Humber,22400,23800,46200,3000,13%,3400,14%,0,6400,14%,19200
E14000549,Battersea,England,London,31100,29100,60200,3900,13%,3900,13%,0,7800,13%,20100
E14000550,Beaconsfield,England,South East,22900,22300,45200,3800,17%,3500,15%,0,7200,16%,17400
E14000551,Beckenham,England,London,21500,19900,41400,3000,14%,2600,13%,0,5600,14%,14100
E14000552,Bedford,England,East of England,25500,26200,51700,3000,12%,3100,12%,0,6100,12%,18600
E14000553,Bermondsey and Old Southwark,England,London,36300,37800,74100,5300,15%,6000,16%,0,11300,15%,28200
E14000554,Berwick-upon-Tweed,England,North East,15000,14000,29100,3000,20%,2100,15%,0,5000,17%,12200
S14000008,Berwickshire Roxburgh and Selkirk,Scotland,Scotland,20200,18800,39100,2600,13%,2200,12%,0,4900,12%,14200
E14000555,Bethnal Green and Bow,England,London,30300,35000,65300,4500,15%,6700,19%,0,11200,17%,27000
E14000556,Beverley and Holderness,England,Yorkshire & Humber,21100,20200,41300,3000,14%,2300,11%,0,5300,13%,14900
E14000557,Bexhill and Battle,England,South East,19700,17600,37300,3000,15%,2400,14%,0,5500,15%,15000
E14000558,Bexleyheath and Crayford,England,London,21000,19100,40100,3000,14%,2500,13%,0,5500,14%,14500
E14000559,Birkenhead,England,North West,18900,17900,36800,2500,13%,2300,13%,0,4800,13%,13300
E14000560,Birmingham Edgbaston,England,West Midlands,18800,18600,37400,2500,13%,2600,14%,0,5100,14%,14000
E14000561,Birmingham Erdington,England,West Midlands,21100,20800,41900,3100,15%,2800,13%,0,5900,14%,19000
E14000562,Birmingham Hall Green,England,West Midlands,18800,23000,41700,2700,15%,3900,17%,0,6600,16%,17600
E14000563,Birmingham Hodge Hill,England,West Midlands,18100,22700,40800,2800,15%,3800,17%,0,6500,16%,19400
E14000564,Birmingham Ladywood,England,West Midlands,22700,27400,50100,3800,17%,4800,18%,0,8600,17%,23100
E14000565,Birmingham Northfield,England,West Midlands,22500,20400,42800,2700,12%,2600,13%,0,5300,12%,16500
E14000566,Birmingham Perry Barr,England,West Midlands,20900,22000,43000,3000,14%,3400,15%,0,6300,15%,18300
E14000567,Birmingham Selly Oak,England,West Midlands,20400,19200,39600,2500,12%,2500,13%,0,5000,13%,15200
E14000568,Birmingham Yardley,England,West Midlands,20900,22400,43300,3300,16%,3500,16%,0,6800,16%,20700
E14000569,Bishop Auckland,England,North East,18600,17800,36400,2400,13%,1900,11%,0,4300,12%,14200
E14000570,Blackburn,England,North West,19600,23100,42700,2400,12%,3200,14%,0,5700,13%,17000
E14000571,Blackley and Broughton,England,North West,23300,25200,48500,4000,17%,4900,19%,0,8800,18%,22500
E14000572,Blackpool North and Cleveleys,England,North West,17100,15900,32900,2600,15%,2900,18%,0,5500,17%,13900
E14000573,Blackpool South,England,North West,16700,16000,32700,3000,18%,3200,20%,0,6200,19%,15300
W07000072,Blaenau Gwent,Wales,Wales,14200,14000,28100,1400,10%,1300,9%,0,2700,10%,10100
E14000574,Blaydon,England,North East,19000,18100,37200,2800,15%,2400,13%,0,5200,14%,15100
E14000575,Blyth Valley,England,North East,18500,17500,36000,2400,13%,1900,11%,0,4300,12%,13400
E14000576,Bognor Regis and Littlehampton,England,South East,24000,22400,46300,3700,16%,3200,14%,0,6900,15%,18900
E14000577,Bolsover,England,East Midlands,22200,22000,44200,2700,12%,2300,10%,0,5000,11%,16900
E14000578,Bolton North East,England,North West,19700,20500,40100,2600,13%,2700,13%,0,5400,13%,16300
E14000579,Bolton South East,England,North West,20500,22000,42500,2500,12%,3100,14%,0,5600,13%,17300
E14000580,Bolton West,England,North West,22400,21700,44100,2800,12%,2800,13%,0,5600,13%,17000
E14000581,Bootle,England,North West,22300,20000,42300,2700,12%,2600,13%,0,5300,13%,15500
E14000582,Boston and Skegness,England,East Midlands,23300,24300,47600,3100,13%,2900,12%,0,6000,13%,16600
E14000583,Bosworth,England,East Midlands,24200,24200,48500,3400,14%,2800,12%,0,6200,13%,19300
E14000584,Bournemouth East,England,South West,24800,23600,48400,4100,16%,4000,17%,0,8000,17%,20000
E14000585,Bournemouth West,England,South West,22500,22100,44600,3900,17%,4000,18%,0,7900,18%,20300
E14000586,Bracknell,England,South East,28200,27700,55800,4100,14%,3400,12%,0,7400,13%,20600
E14000587,Bradford East,England,Yorkshire & Humber,19500,22400,41900,2500,13%,3600,16%,0,6100,15%,17200
E14000588,Bradford South,England,Yorkshire & Humber,21600,21100,42700,2500,12%,2900,14%,0,5400,13%,16800
E14000589,Bradford West,England,Yorkshire & Humber,17700,21700,39400,2100,12%,3600,17%,0,5800,15%,15000
E14000590,Braintree,England,East of England,23100,22700,45700,4000,17%,3400,15%,0,7400,16%,20200
W07000068,Brecon and Radnorshire,Wales,Wales,13300,11100,24400,1900,15%,1300,11%,0,3200,13%,8800
E14000591,Brent Central,England,London,32200,32800,64900,6200,19%,7500,23%,0,13700,21%,33600
E14000592,Brent North,England,London,31400,33500,64900,5800,18%,6500,19%,0,12300,19%,29800
E14000593,Brentford and Isleworth,England,London,31800,33400,65200,5700,18%,6100,18%,0,11800,18%,28800
E14000594,Brentwood and Ongar,England,East of England,22300,21200,43500,3600,16%,2700,13%,0,6300,15%,15700
W07000073,Bridgend,Wales,Wales,18000,17500,35500,2300,12%,2000,11%,0,4200,12%,13300
E14000595,Bridgwater and West Somerset,England,South West,23700,24000,47700,3700,15%,2900,12%,0,6600,14%,17800
E14000596,Brigg and Goole,England,Yorkshire & Humber,18400,19300,37700,2300,13%,1800,9%,0,4200,11%,13400
E14000597,Brighton Kemptown,England,South East,19200,18200,37400,3200,17%,3300,18%,0,6500,17%,15800
E14000598,Brighton Pavilion,England,South East,23900,22600,46500,4100,17%,4000,18%,0,8100,17%,19300
E14000599,Bristol East,England,South West,25600,24800,50400,3300,13%,3200,13%,0,6400,13%,18900
E14000600,Bristol North West,England,South West,24500,24500,49000,3000,12%,2600,11%,0,5600,11%,16800
E14000601,Bristol South,England,South West,28700,28000,56700,3900,14%,3700,13%,0,7600,13%,22800
E14000602,Bristol West,England,South West,31000,32000,63000,4100,13%,4300,13%,0,8400,13%,23200
E14000603,Broadland,England,East of England,21300,20400,41700,3400,16%,2600,13%,0,6000,14%,16400
E14000604,Bromley and Chislehurst,England,London,22000,20400,42400,3400,15%,2700,13%,0,6000,14%,15000
E14000605,Bromsgrove,England,West Midlands,22300,21000,43300,3100,14%,2700,13%,0,5800,13%,16800
E14000606,Broxbourne,England,East of England,24700,22800,47600,4000,16%,3400,15%,0,7400,15%,19300
E14000607,Broxtowe,England,East Midlands,21000,20800,41800,2400,11%,2300,11%,0,4700,11%,14800
E14000608,Buckingham,England,South East,24300,23600,47900,3500,14%,2700,11%,0,6200,13%,17500
E14000609,Burnley,England,North West,18400,19300,37700,2300,12%,2400,13%,0,4700,12%,15900
E14000610,Burton,England,West Midlands,25000,26600,51600,3400,14%,2900,11%,0,6300,12%,21300
E14000611,Bury North,England,North West,19600,19100,38700,2700,14%,2600,14%,0,5300,14%,14700
E14000612,Bury South,England,North West,23100,22000,45000,3300,14%,3000,14%,0,6300,14%,17700
E14000613,Bury St Edmunds,England,East of England,25700,25600,51300,3600,14%,2900,11%,0,6500,13%,19600
W07000076,Caerphilly,Wales,Wales,18300,17500,35700,2000,11%,1900,11%,0,3800,11%,12800
S14000009,Caithness Sutherland and Easter Ross,Scotland,Scotland,12300,12300,24600,2000,16%,1600,13%,0,3600,14%,9400
E14000614,Calder Valley,England,Yorkshire & Humber,23200,21400,44600,3300,14%,2700,13%,0,6000,13%,17300
E14000615,Camberwell and Peckham,England,London,34000,31500,65400,5200,15%,5600,18%,0,10800,17%,27900
E14000616,Camborne and Redruth,England,South West,19500,18400,37900,3100,16%,2600,14%,0,5700,15%,16000
E14000617,Cambridge,England,East of England,27800,29800,57600,3700,13%,3600,12%,0,7300,13%,18600
E14000618,Cannock Chase,England,West Midlands,22600,22400,45000,3300,14%,2500,11%,0,5800,13%,20300
E14000619,Canterbury,England,South East,21500,20100,41600,3700,17%,3200,16%,0,6900,17%,16400
W07000050,Cardiff Central,Wales,Wales,16700,17600,34400,2500,15%,2700,15%,0,5200,15%,13700
W07000051,Cardiff North,Wales,Wales,19900,18900,38800,2100,10%,2000,10%,0,4000,10%,11600
W07000080,Cardiff South and Penarth,Wales,Wales,24500,24500,49000,3400,14%,3300,13%,0,6700,14%,18700
W07000079,Cardiff West,Wales,Wales,20700,20000,40700,2600,12%,2500,13%,0,5100,13%,14400
E14000620,Carlisle,England,North West,20600,20500,41100,3500,17%,2600,12%,0,6000,15%,17500
W07000067,Carmarthen East and Dinefwr,Wales,Wales,14200,12600,26800,1700,12%,1500,12%,0,3200,12%,9500
W07000066,Carmarthen West and South Pembrokeshire,Wales,Wales,15200,13800,29000,2700,18%,2200,16%,0,4900,17%,12200
E14000621,Carshalton and Wallington,England,London,24800,22100,47000,3300,13%,3000,14%,0,6300,13%,16900
E14000622,Castle Point,England,East of England,19100,18000,37100,3000,15%,2300,13%,0,5300,14%,14600
S14000010,Central Ayrshire,Scotland,Scotland,18700,17400,36200,2700,14%,2400,14%,0,5100,14%,13900
E14000623,Central Devon,England,South West,19500,17900,37400,3100,16%,2500,14%,0,5600,15%,15100
E14000624,Central Suffolk and North Ipswich,England,East of England,22200,21600,43800,3100,14%,2400,11%,0,5400,12%,15800
W07000064,Ceredigion,Wales,Wales,13000,11300,24300,1900,15%,1600,14%,0,3600,15%,9200
E14000625,Charnwood,England,East Midlands,24500,23100,47500,3500,14%,2900,13%,0,6400,14%,18800
E14000626,Chatham and Aylesford,England,South East,23300,22500,45700,3100,13%,2600,11%,0,5700,12%,16900
E14000627,Cheadle,England,North West,21800,20700,42400,2900,14%,2800,14%,0,5800,14%,14800
E14000628,Chelmsford,England,East of England,27000,26700,53700,3800,14%,3000,11%,0,6700,13%,19100
E14000629,Chelsea and Fulham,England,London,22800,21700,44500,3200,14%,3000,14%,0,6200,14%,14600
E14000630,Cheltenham,England,South West,23600,23200,46800,3800,16%,3200,14%,0,6900,15%,19300
E14000631,Chesham and Amersham,England,South East,20600,20400,41000,3000,15%,2500,12%,0,5500,13%,14500
E14000632,Chesterfield,England,East Midlands,20600,20000,40600,2600,12%,2400,12%,0,5000,12%,15300
E14000633,Chichester,England,South East,23200,22000,45100,4000,17%,3300,15%,0,7300,16%,18800
E14000634,Chingford and Woodford Green,England,London,22000,19900,41900,3500,16%,3300,16%,0,6700,16%,16300
E14000635,Chippenham,England,South West,23000,23200,46200,3100,14%,2700,12%,0,5800,13%,17100
E14000636,Chipping Barnet,England,London,25800,24000,49800,4200,16%,3900,16%,0,8100,16%,19100
E14000637,Chorley,England,North West,24300,23400,47800,3100,13%,2900,12%,0,6000,13%,17400
E14000638,Christchurch,England,South West,16800,15900,32700,3000,18%,2600,16%,0,5600,17%,14000
E14000639,Cities of London and Westminster,England,London,21900,26500,48300,3300,15%,3700,14%,0,7000,14%,14800
E14000640,City of Chester,England,North West,22200,22000,44100,3900,17%,3700,17%,0,7600,17%,18500
E14000641,City of Durham,England,North East,18100,17700,35800,2200,12%,2000,11%,0,4200,12%,12800
E14000642,Clacton,England,East of England,15800,14300,30100,2300,15%,2100,15%,0,4400,15%,12600
E14000643,Cleethorpes,England,Yorkshire & Humber,19800,20500,40300,2800,14%,2100,10%,0,4900,12%,15200
W07000062,Clwyd South,Wales,Wales,15700,15000,30700,2200,14%,1900,12%,0,4000,13%,12000
W07000059,Clwyd West,Wales,Wales,14900,13300,28200,2100,14%,1900,15%,0,4100,14%,11000
S14000011,Coatbridge Chryston and Bellshill,Scotland,Scotland,23200,21900,45000,2900,13%,2800,13%,0,5700,13%,17800
E14000644,Colchester,England,East of England,28600,27700,56300,3900,14%,3300,12%,0,7200,13%,20700
E14000645,Colne Valley,England,Yorkshire & Humber,24000,23600,47600,3000,12%,3100,13%,0,6100,13%,18500
E14000646,Congleton,England,North West,22600,22300,44900,3100,14%,2700,12%,0,5800,13%,16600
E14000647,Copeland,England,North West,16700,17000,33700,2800,17%,2000,12%,0,4800,14%,11700
E14000648,Corby,England,East Midlands,30700,31300,62000,3700,12%,3100,10%,0,6800,11%,23500
E14000649,Coventry North East,England,West Midlands,27500,29000,56600,3100,11%,3100,11%,0,6300,11%,20700
E14000650,Coventry North West,England,West Midlands,24200,24300,48500,3200,13%,3000,12%,0,6100,13%,19700
E14000651,Coventry South,England,West Midlands,21100,22800,44000,2700,13%,2700,12%,0,5400,12%,16600
E14000652,Crawley,England,South East,28600,29600,58200,5600,20%,5600,19%,0,11200,19%,29500
E14000653,Crewe and Nantwich,England,North West,25500,27500,53000,3300,13%,2700,10%,0,6000,11%,19200
E14000654,Croydon Central,England,London,29700,27000,56800,4100,14%,3900,14%,0,7900,14%,21100
E14000655,Croydon North,England,London,35300,32200,67400,5100,14%,5500,17%,0,10500,16%,27000
E14000656,Croydon South,England,London,27800,25900,53700,3700,13%,3300,13%,0,7000,13%,18200
S14000012,Cumbernauld Kilsyth and Kirkintilloch East,Scotland,Scotland,20100,19500,39600,2800,14%,2600,13%,0,5400,14%,15500
W07000070,Cynon Valley,Wales,Wales,14000,13500,27500,1600,11%,1400,11%,0,3000,11%,10300
E14000657,Dagenham and Rainham,England,London,25700,23500,49200,3900,15%,3600,15%,0,7500,15%,19700
E14000658,Darlington,England,North East,20300,20400,40800,2600,13%,2200,11%,0,4800,12%,14300
E14000659,Dartford,England,South East,28700,27300,56000,4200,15%,3500,13%,0,7700,14%,20800
E14000660,Daventry,England,East Midlands,24100,24200,48400,3300,14%,2700,11%,0,6000,12%,18700
W07000042,Delyn,Wales,Wales,15600,14900,30600,2200,14%,2000,14%,0,4200,14%,12800
E14000661,Denton and Reddish,England,North West,20900,19900,40900,2800,13%,2600,13%,0,5400,13%,16500
E14000662,Derby North,England,East Midlands,22900,22900,45900,3000,13%,2800,12%,0,5700,13%,18100
E14000663,Derby South,England,East Midlands,22900,25700,48600,2700,12%,2900,11%,0,5500,11%,18800
E14000664,Derbyshire Dales,England,East Midlands,16800,16100,32800,3200,19%,2100,13%,0,5300,16%,13900
E14000665,Devizes,England,South West,21600,23000,44600,2600,12%,1800,8%,0,4400,10%,13800
E14000666,Dewsbury,England,Yorkshire & Humber,21700,22800,44500,2900,13%,3200,14%,0,6100,14%,18400
E14000667,Don Valley,England,Yorkshire & Humber,21300,21100,42400,2700,13%,2300,11%,0,5000,12%,15900
E14000668,Doncaster Central,England,Yorkshire & Humber,22900,25000,47900,2800,12%,2500,10%,0,5300,11%,17700
E14000669,Doncaster North,England,Yorkshire & Humber,20900,20900,41800,2500,12%,2200,10%,0,4600,11%,16500
E14000670,Dover,England,South East,20100,18900,39000,3100,16%,2300,12%,0,5500,14%,14600
E14000671,Dudley North,England,West Midlands,17600,17400,35100,2200,12%,2200,13%,0,4400,13%,14300
E14000672,Dudley South,England,West Midlands,17100,17000,34100,2400,14%,2300,14%,0,4700,14%,14700
E14000673,Dulwich and West Norwood,England,London,28700,26200,54900,4000,14%,4000,15%,0,8000,15%,20400
S14000013,Dumfries and Galloway,Scotland,Scotland,19400,17700,37100,2900,15%,2000,11%,0,4900,13%,12900
S14000014,Dumfriesshire Clydesdale and Tweeddale,Scotland,Scotland,17900,16400,34400,3000,17%,2000,12%,0,5000,15%,13100
S14000015,Dundee East,Scotland,Scotland,19700,18000,37800,2800,14%,2700,15%,0,5500,15%,14100
S14000016,Dundee West,Scotland,Scotland,18700,17500,36200,2600,14%,2700,15%,0,5300,15%,13600
S14000017,Dunfermline and West Fife,Scotland,Scotland,23500,23600,47100,2900,12%,2700,11%,0,5600,12%,16000
W07000061,Dwyfor Meirionnydd,Wales,Wales,11200,10100,21300,2600,23%,2100,21%,0,4700,22%,10500
E14000674,Ealing Central and Acton,England,London,29500,29800,59200,5300,18%,5700,19%,0,11000,19%,25800
E14000675,Ealing North,England,London,27800,27800,55600,5000,18%,5400,20%,0,10500,19%,25300
E14000676,Ealing Southall,England,London,22000,25700,47700,4000,18%,5200,20%,0,9200,19%,23200
E14000677,Easington,England,North East,16200,16100,32300,2100,13%,1800,11%,0,3900,12%,13200
E14000678,East Devon,England,South West,22900,21200,44100,3700,16%,3100,15%,0,6800,15%,17900
S14000018,East Dunbartonshire,Scotland,Scotland,18900,17600,36500,2400,13%,2100,12%,0,4500,12%,11700
E14000679,East Ham,England,London,31700,39100,70800,6600,21%,8600,22%,0,15200,21%,36100
E14000680,East Hampshire,England,South East,22300,21600,43900,3400,15%,2600,12%,0,6000,14%,16700
S14000019,East Kilbride Strathaven and Lesmahagow,Scotland,Scotland,24000,23300,47200,3300,14%,3100,13%,0,6400,14%,18200
S14000020,East Lothian,Scotland,Scotland,24600,22800,47400,3800,15%,3100,14%,0,6900,15%,17700
S14000021,East Renfrewshire,Scotland,Scotland,21000,19900,40800,3100,15%,2700,13%,0,5700,14%,14200
E14000681,East Surrey,England,South East,26200,24600,50900,4000,15%,3500,14%,0,7400,15%,19200
E14000682,East Worthing and Shoreham,England,South East,22000,20100,42200,3200,14%,2800,14%,0,6000,14%,16300
E14000683,East Yorkshire,England,Yorkshire & Humber,20800,19900,40700,3200,15%,2300,12%,0,5500,14%,15500
E14000684,Eastbourne,England,South East,22300,20500,42900,3500,16%,3200,16%,0,6800,16%,18200
E14000685,Eastleigh,England,South East,27100,25700,52800,3700,14%,3300,13%,0,6900,13%,20100
E14000686,Eddisbury,England,North West,20600,20300,40900,3000,15%,2400,12%,0,5400,13%,15200
S14000022,Edinburgh East,Scotland,Scotland,22800,22100,44900,3900,17%,3900,18%,0,7800,17%,18800
S14000023,Edinburgh North and Leith,Scotland,Scotland,28100,27900,56000,4400,16%,4800,17%,0,9200,16%,21600
S14000024,Edinburgh South,Scotland,Scotland,19400,18700,38200,2600,13%,2500,13%,0,5100,13%,12600
S14000025,Edinburgh South West,Scotland,Scotland,23800,23900,47700,3500,15%,3500,15%,0,7000,15%,17700
S14000026,Edinburgh West,Scotland,Scotland,22700,22000,44800,3200,14%,3100,14%,0,6200,14%,15400
E14000687,Edmonton,England,London,24900,25000,49900,4600,18%,5100,20%,0,9700,19%,23000
E14000688,Ellesmere Port and Neston,England,North West,20800,20100,40900,3600,17%,3100,15%,0,6600,16%,16700
E14000689,Elmet and Rothwell,England,Yorkshire & Humber,23600,22200,45700,3000,13%,2700,12%,0,5700,12%,16300
E14000690,Eltham,England,London,21900,20400,42300,3500,16%,3100,15%,0,6500,15%,16300
E14000691,Enfield North,England,London,23800,22100,45900,3600,15%,3800,17%,0,7300,16%,18400
E14000692,Enfield Southgate,England,London,22800,21900,44700,4600,20%,4300,20%,0,8900,20%,19600
E14000693,Epping Forest,England,East of England,23500,21400,45000,4200,18%,3300,16%,0,7500,17%,17800
E14000694,Epsom and Ewell,England,South East,25200,23900,49100,3600,14%,3000,13%,0,6600,14%,16900
E14000695,Erewash,England,East Midlands,22100,21800,43900,3000,14%,2500,12%,0,5600,13%,19100
E14000696,Erith and Thamesmead,England,London,27000,25300,52200,3800,14%,3600,14%,0,7400,14%,19900
E14000697,Esher and Walton,England,South East,24200,24300,48400,3800,16%,3200,13%,0,7000,14%,17300
E14000698,Exeter,England,South West,24600,23500,48100,3400,14%,3100,13%,0,6600,14%,18200
S14000028,Falkirk,Scotland,Scotland,25600,25100,50700,3100,12%,3000,12%,0,6100,12%,18800
E14000699,Fareham,England,South East,23100,22400,45500,3400,15%,2600,12%,0,6000,13%,17300
E14000700,Faversham and Mid Kent,England,South East,21900,21300,43300,3300,15%,2500,12%,0,5900,14%,15800
E14000701,Feltham and Heston,England,London,31500,35100,66600,6300,20%,7400,21%,0,13700,21%,36200
E14000702,Filton and Bradley Stoke,England,South West,26200,27100,53300,3100,12%,2700,10%,0,5900,11%,18100
E14000703,Finchley and Golders Green,England,London,27000,25900,52900,5300,20%,5100,20%,0,10400,20%,23200
E14000704,Folkestone and Hythe,England,South East,22900,21900,44700,3500,15%,2900,13%,0,6400,14%,16800
E14000705,Forest of Dean,England,South West,18600,17700,36300,2800,15%,2100,12%,0,4900,14%,14500
E14000706,Fylde,England,North West,18200,17200,35400,3000,16%,2500,14%,0,5400,15%,13300
E14000707,Gainsborough,England,East Midlands,19500,19600,39200,2400,13%,1900,10%,0,4400,11%,13500
E14000708,Garston and Halewood,England,North West,23000,21000,44100,3000,13%,2700,13%,0,5700,13%,17200
E14000709,Gateshead,England,North East,19600,19800,39400,2800,14%,2900,15%,0,5800,15%,16300
E14000710,Gedling,England,East Midlands,22000,20200,42200,2800,13%,2500,12%,0,5300,13%,16100
E14000711,Gillingham and Rainham,England,South East,22600,21700,44300,2800,12%,2300,10%,0,5000,11%,15700
S14000029,Glasgow Central,Scotland,Scotland,18800,23500,42300,3300,18%,3900,17%,0,7200,17%,17800
S14000030,Glasgow East,Scotland,Scotland,21200,19600,40700,3300,15%,2800,14%,0,6100,15%,18000
S14000031,Glasgow North,Scotland,Scotland,15400,14900,30400,2300,15%,2300,15%,0,4600,15%,11800
S14000032,Glasgow North East,Scotland,Scotland,17900,16900,34800,2800,15%,2600,16%,0,5400,16%,15000
S14000033,Glasgow North West,Scotland,Scotland,18500,17100,35600,2300,12%,2300,14%,0,4700,13%,12900
S14000034,Glasgow South,Scotland,Scotland,19900,18800,38700,2800,14%,2900,15%,0,5600,15%,14900
S14000035,Glasgow South West,Scotland,Scotland,19900,18500,38400,3000,15%,2900,16%,0,6000,16%,16900
S14000036,Glenrothes,Scotland,Scotland,19200,18400,37600,2300,12%,2000,11%,0,4300,11%,13200
E14000712,Gloucester,England,South West,29400,29000,58400,3900,13%,3300,11%,0,7100,12%,22600
S14000037,Gordon,Scotland,Scotland,24000,24300,48400,3100,13%,2800,12%,0,6000,12%,17700
E14000713,Gosport,England,South East,21000,20500,41400,2900,14%,2200,11%,0,5100,12%,14900
W07000046,Gower,Wales,Wales,16700,15700,32300,2000,12%,1900,12%,0,3900,12%,10700
E14000714,Grantham and Stamford,England,East Midlands,25000,24700,49800,3800,15%,2800,11%,0,6600,13%,20100
E14000715,Gravesham,England,South East,23800,22900,46700,3700,16%,3000,13%,0,6700,14%,18100
E14000716,Great Grimsby,England,Yorkshire & Humber,18000,19000,37000,2300,13%,1800,10%,0,4100,11%,12900
E14000717,Great Yarmouth,England,East of England,20100,20200,40200,3200,16%,3200,16%,0,6400,16%,16400
E14000718,Greenwich and Woolwich,England,London,31900,31600,63500,4900,15%,4500,14%,0,9400,15%,23300
E14000719,Guildford,England,South East,24200,24200,48400,3600,15%,3200,13%,0,6800,14%,18300
E14000720,Hackney North and Stoke Newington,England,London,32600,30300,62900,5300,16%,5700,19%,0,11000,18%,27700
E14000721,Hackney South and Shoreditch,England,London,30200,29600,59800,4700,15%,5000,17%,0,9700,16%,23800
E14000722,Halesowen and Rowley Regis,England,West Midlands,19200,18900,38000,2600,14%,2600,14%,0,5200,14%,15800
E14000723,Halifax,England,Yorkshire & Humber,21100,21400,42500,2700,13%,2900,14%,0,5600,13%,16500
E14000724,Haltemprice and Howden,England,Yorkshire & Humber,20200,19600,39800,2500,13%,2100,11%,0,4600,12%,13900
E14000725,Halton,England,North West,22300,22100,44400,2500,11%,2200,10%,0,4700,11%,15600
E14000726,Hammersmith,England,London,29200,27200,56400,4800,16%,4900,18%,0,9600,17%,23500
E14000727,Hampstead and Kilburn,England,London,29200,27900,57100,4500,16%,4600,16%,0,9100,16%,21200
E14000728,Harborough,England,East Midlands,23900,22900,46800,3600,15%,3000,13%,0,6600,14%,18100
E14000729,Harlow,England,East of England,25100,24200,49200,3800,15%,3400,14%,0,7200,15%,19200
E14000730,Harrogate and Knaresborough,England,Yorkshire & Humber,24400,24600,49000,4000,17%,3300,14%,0,7400,15%,18800
E14000731,Harrow East,England,London,23700,22700,46400,4200,18%,4000,17%,0,8100,18%,19700
E14000732,Harrow West,England,London,25400,25900,51300,4100,16%,4300,16%,0,8400,16%,20200
E14000733,Hartlepool,England,North East,18700,17700,36400,2400,13%,1900,11%,0,4300,12%,13100
E14000734,Harwich and North Essex,England,East of England,19400,18700,38100,2900,15%,2300,12%,0,5100,13%,14500
E14000735,Hastings and Rye,England,South East,22100,19600,41700,3400,16%,3100,16%,0,6500,16%,17100
E14000736,Havant,England,South East,20400,18800,39200,3000,15%,2500,13%,0,5400,14%,15600
E14000737,Hayes and Harlington,England,London,27000,29700,56700,5300,20%,6000,20%,0,11300,20%,29500
E14000738,Hazel Grove,England,North West,18000,16700,34700,2500,14%,2200,13%,0,4700,14%,12900
E14000739,Hemel Hempstead,England,East of England,25400,24700,50100,3800,15%,3300,13%,0,7100,14%,20000
E14000740,Hemsworth,England,Yorkshire & Humber,21600,21500,43100,2500,11%,2200,10%,0,4600,11%,16600
E14000741,Hendon,England,London,31000,29600,60600,6000,19%,5800,20%,0,11800,20%,28000
E14000742,Henley,England,South East,22200,22100,44300,3400,15%,2600,12%,0,6000,13%,16000
E14000743,Hereford and South Herefordshire,England,West Midlands,21700,20800,42500,3100,15%,2300,11%,0,5500,13%,15900
E14000744,Hertford and Stortford,England,East of England,27900,26800,54700,4400,16%,4000,15%,0,8400,15%,20800
E14000745,Hertsmere,England,East of England,24700,23000,47700,4200,17%,3500,15%,0,7700,16%,19300
E14000746,Hexham,England,North East,15900,14700,30600,2600,17%,2000,14%,0,4600,15%,11600
E14000747,Heywood and Middleton,England,North West,24400,23200,47600,3100,13%,2900,13%,0,6000,13%,18000
E14000748,High Peak,England,East Midlands,21200,19900,41100,3200,15%,2600,13%,0,5800,14%,16300
E14000749,Hitchin and Harpenden,England,East of England,23300,23200,46400,3000,13%,2500,11%,0,5500,12%,14800
E14000750,Holborn and St Pancras,England,London,26900,26800,53700,4000,15%,4400,16%,0,8400,16%,20000
E14000751,Hornchurch and Upminster,England,London,26300,23600,49800,3600,14%,3000,13%,0,6600,13%,17400
E14000752,Hornsey and Wood Green,England,London,30000,28900,58900,5300,18%,5200,18%,0,10500,18%,25000
E14000753,Horsham,England,South East,27000,26900,53900,4300,16%,3700,14%,0,8000,15%,21400
E14000754,Houghton and Sunderland South,England,North East,19000,17800,36800,2200,12%,2200,12%,0,4400,12%,14400
E14000755,Hove,England,South East,24200,22700,46900,4000,17%,3800,17%,0,7800,17%,19000
E14000756,Huddersfield,England,Yorkshire & Humber,18700,19100,37800,2500,13%,2800,14%,0,5200,14%,15800
E14000757,Huntingdon,England,East of England,28200,28800,57100,3400,12%,3000,10%,0,6400,11%,20600
E14000758,Hyndburn,England,North West,19400,19200,38600,2300,12%,2500,13%,0,4800,12%,15800
E14000759,Ilford North,England,London,25000,24100,49100,4400,17%,4300,18%,0,8700,18%,20400
E14000760,Ilford South,England,London,27700,31200,58900,5200,19%,6400,20%,0,11600,20%,26400
S14000038,Inverclyde,Scotland,Scotland,17400,15800,33200,2000,11%,1700,11%,0,3700,11%,9900
S14000039,Inverness Nairn Badenoch and Strathspey,Scotland,Scotland,24900,24400,49300,4500,18%,4200,17%,0,8800,18%,21400
E14000761,Ipswich,England,East of England,26500,27200,53800,3500,13%,3300,12%,0,6800,13%,19200
E14000762,Isle of Wight,England,South East,26600,24400,51000,5200,20%,4400,18%,0,9600,19%,22400
E14000763,Islington North,England,London,26800,25100,51900,3700,14%,3900,15%,0,7600,15%,19000
E14000764,Islington South and Finsbury,England,London,25300,24900,50200,3200,13%,3400,14%,0,6600,13%,16500
W07000077,Islwyn,Wales,Wales,15700,15700,31300,1400,9%,1500,9%,0,2900,9%,10600
E14000765,Jarrow,England,North East,18200,17500,35700,2200,12%,2100,12%,0,4400,12%,13900
E14000766,Keighley,England,Yorkshire & Humber,19900,19300,39300,2700,14%,2600,13%,0,5300,13%,15500
E14000767,Kenilworth and Southam,England,West Midlands,19400,19600,39000,2900,15%,2300,12%,0,5100,13%,14500
E14000768,Kensington,England,London,20400,20400,40800,3200,16%,3100,15%,0,6300,16%,14200
E14000769,Kettering,England,East Midlands,24200,24500,48700,2900,12%,2600,11%,0,5600,11%,18500
S14000040,Kilmarnock and Loudoun,Scotland,Scotland,20800,19800,40600,2600,13%,2500,13%,0,5200,13%,15600
E14000770,Kingston and Surbiton,England,London,28800,28100,56900,4400,15%,4200,15%,0,8600,15%,21800
E14000771,Kingston upon Hull East,England,Yorkshire & Humber,19200,20000,39200,2600,13%,2100,10%,0,4600,12%,16000
E14000772,Kingston upon Hull North,England,Yorkshire & Humber,20600,21600,42200,2500,12%,2300,11%,0,4900,11%,16200
E14000773,Kingston upon Hull West and Hessle,England,Yorkshire & Humber,19200,20700,40000,2400,13%,2200,11%,0,4600,12%,15500
E14000774,Kingswood,England,South West,22200,20400,42600,2700,12%,2400,12%,0,5100,12%,15400
S14000041,Kirkcaldy and Cowdenbeath,Scotland,Scotland,20600,20500,41100,2500,12%,2300,11%,0,4800,12%,14300
E14000775,Knowsley,England,North West,25800,22800,48700,3100,12%,2500,11%,0,5600,12%,18100
S14000042,Lanark and Hamilton East,Scotland,Scotland,22300,21900,44200,3000,13%,2700,12%,0,5700,13%,16700
E14000776,Lancaster and Fleetwood,England,North West,17200,16100,33400,2400,14%,2100,13%,0,4500,14%,12400
E14000777,Leeds Central,England,Yorkshire & Humber,28900,31200,60100,4300,15%,4600,15%,0,8900,15%,25000
E14000778,Leeds East,England,Yorkshire & Humber,22300,21500,43800,2700,12%,2800,13%,0,5500,13%,16200
E14000779,Leeds North East,England,Yorkshire & Humber,22200,20400,42600,2500,11%,2500,12%,0,5000,12%,13100
E14000780,Leeds North West,England,Yorkshire & Humber,18100,17100,35200,2600,14%,2400,14%,0,5000,14%,13400
E14000781,Leeds West,England,Yorkshire & Humber,22600,22500,45200,3200,14%,3400,15%,0,6500,14%,19000
E14000782,Leicester East,England,East Midlands,25200,28600,53900,4100,16%,4400,16%,0,8500,16%,24100
E14000783,Leicester South,England,East Midlands,23200,26300,49600,3400,15%,4000,15%,0,7400,15%,20600
E14000784,Leicester West,England,East Midlands,24100,26100,50300,3300,14%,3200,12%,0,6500,13%,19600
E14000785,Leigh,England,North West,24200,23100,47300,3000,12%,2700,12%,0,5700,12%,18400
E14000786,Lewes,England,South East,17900,16600,34500,2800,16%,2400,15%,0,5300,15%,13800
E14000789,Lewisham Deptford,England,London,33000,30300,63300,5300,16%,5300,17%,0,10600,17%,26300
E14000787,Lewisham East,England,London,26200,23300,49500,3800,15%,3600,16%,0,7400,15%,19300
E14000788,Lewisham West and Penge,England,London,28000,24100,52100,3700,13%,3700,15%,0,7400,14%,19000
E14000790,Leyton and Wanstead,England,London,25300,25400,50700,4600,18%,5200,20%,0,9800,19%,23400
E14000791,Lichfield,England,West Midlands,21500,21100,42600,3200,15%,2600,12%,0,5800,14%,17600
E14000792,Lincoln,England,East Midlands,24300,24800,49100,3100,13%,2600,11%,0,5700,12%,17700
S14000043,Linlithgow and East Falkirk,Scotland,Scotland,27100,27300,54400,3200,12%,3000,11%,0,6200,11%,19300
E14000793,Liverpool Riverside,England,North West,23400,23000,46500,3700,16%,3800,16%,0,7500,16%,19300
E14000794,Liverpool Walton,England,North West,19900,17900,37800,2600,13%,2300,13%,0,5000,13%,14600
E14000795,Liverpool Wavertree,England,North West,19300,18600,37900,2700,14%,2800,15%,0,5500,14%,14500
E14000796,Liverpool West Derby,England,North West,21400,18900,40300,2700,13%,2400,13%,0,5100,13%,15000
S14000044,Livingston,Scotland,Scotland,26500,27000,53500,3600,14%,3500,13%,0,7100,13%,20600
W07000045,Llanelli,Wales,Wales,16800,16300,33100,2000,12%,1900,12%,0,3900,12%,12300
E14000797,Loughborough,England,East Midlands,21800,22200,43900,3000,14%,2700,12%,0,5700,13%,18300
E14000798,Louth and Horncastle,England,East Midlands,17400,17300,34700,2800,16%,2300,13%,0,5100,15%,13600
E14000799,Ludlow,England,West Midlands,16200,15100,31300,2800,18%,2100,14%,0,4900,16%,13500
E14000800,Luton North,England,East of England,21900,22500,44400,3000,14%,3200,14%,0,6300,14%,17000
E14000801,Luton South,England,East of England,25200,29200,54300,4200,17%,4800,16%,0,8900,16%,23000
E14000802,Macclesfield,England,North West,21900,20700,42700,3100,14%,2900,14%,0,6000,14%,15700
E14000803,Maidenhead,England,South East,24100,24500,48500,3500,15%,3100,13%,0,6700,14%,17200
E14000804,Maidstone and The Weald,England,South East,24800,25100,50000,3600,15%,3000,12%,0,6700,13%,18200
E14000805,Makerfield,England,North West,22100,21000,43100,2600,12%,2200,10%,0,4800,11%,15600
E14000806,Maldon,England,East of England,20200,19500,39600,3300,16%,2400,12%,0,5700,14%,15900
E14000807,Manchester Central,England,North West,30700,33900,64600,4700,15%,5500,16%,0,10300,16%,27400
E14000808,Manchester Gorton,England,North West,20200,23900,44000,3300,16%,4700,20%,0,8000,18%,19700
E14000809,Manchester Withington,England,North West,23300,22700,46000,2700,12%,3300,15%,0,6000,13%,15700
E14000810,Mansfield,England,East Midlands,24800,24600,49400,3400,14%,2900,12%,0,6400,13%,19500
E14000811,Meon Valley,England,South East,20600,19800,40400,2900,14%,2400,12%,0,5300,13%,15000
E14000812,Meriden,England,West Midlands,24700,24200,48800,3900,16%,3000,12%,0,6900,14%,21500
W07000071,Merthyr Tydfil and Rhymney,Wales,Wales,15800,15000,30800,1700,11%,1500,10%,0,3300,11%,11000
E14000813,Mid Bedfordshire,England,East of England,28700,27300,55900,4300,15%,3100,11%,0,7400,13%,21900
E14000814,Mid Derbyshire,England,East Midlands,19100,18600,37700,2500,13%,1900,10%,0,4400,12%,14400
E14000815,Mid Dorset and North Poole,England,South West,18900,17700,36600,3000,16%,2400,14%,0,5400,15%,15100
E14000816,Mid Norfolk,England,East of England,22900,22400,45400,3000,13%,2400,11%,0,5400,12%,16000
E14000817,Mid Sussex,England,South East,26500,26100,52700,4000,15%,3400,13%,0,7400,14%,19600
E14000818,Mid Worcestershire,England,West Midlands,24000,23300,47300,3700,15%,2800,12%,0,6500,14%,19000
E14000819,Middlesbrough,England,North East,17900,18500,36400,2300,13%,2200,12%,0,4500,12%,12900
E14000820,Middlesbrough South and East Cleveland,England,North East,19800,18800,38600,2600,13%,1900,10%,0,4500,12%,13300
S14000045,Midlothian,Scotland,Scotland,23300,21200,44500,2900,13%,2900,13%,0,5800,13%,16100
E14000821,Milton Keynes North,England,South East,33100,35500,68600,4400,13%,4000,11%,0,8400,12%,25800
E14000822,Milton Keynes South,England,South East,34700,35600,70300,4400,13%,3800,11%,0,8200,12%,25800
E14000823,Mitcham and Morden,England,London,26900,26200,53200,4300,16%,4600,18%,0,8900,17%,22800
E14000824,Mole Valley,England,South East,20900,20200,41100,3200,15%,2700,13%,0,5900,14%,15300
W07000054,Monmouth,Wales,Wales,17300,16600,33900,2300,13%,1900,11%,0,4200,12%,11900
W07000063,Montgomeryshire,Wales,Wales,12900,11500,24400,1900,14%,1500,13%,0,3300,14%,10100
S14000046,Moray,Scotland,Scotland,20000,20400,40400,2900,14%,2300,11%,0,5100,13%,16300
E14000825,Morecambe and Lunesdale,England,North West,19400,18500,38000,2800,14%,2300,13%,0,5100,14%,14600
E14000826,Morley and Outwood,England,Yorkshire & Humber,25900,24400,50300,3000,12%,2700,11%,0,5800,11%,18000
S14000047,Motherwell and Wishaw,Scotland,Scotland,21300,21100,42300,2500,12%,2500,12%,0,5000,12%,15400
S14000027,Na h-Eileanan an Iar,Scotland,Scotland,6100,5500,11700,600,10%,600,10%,0,1200,10%,3500
W07000069,Neath,Wales,Wales,15100,14600,29700,1500,10%,1500,10%,0,3000,10%,9500
E14000827,New Forest East,England,South East,20100,19500,39600,3200,16%,2600,14%,0,5800,15%,15500
E14000828,New Forest West,England,South East,16800,15400,32200,3300,20%,2600,17%,0,5900,18%,14400
E14000829,Newark,England,East Midlands,22000,21800,43800,3300,15%,2400,11%,0,5700,13%,16000
E14000830,Newbury,England,South East,26500,27100,53600,3700,14%,3000,11%,0,6600,12%,18800
E14000831,Newcastle upon Tyne Central,England,North East,17300,19200,36500,2700,16%,3400,18%,0,6100,17%,15800
E14000832,Newcastle upon Tyne East,England,North East,18500,18600,37100,2700,15%,2800,15%,0,5600,15%,15000
E14000833,Newcastle upon Tyne North,England,North East,21300,20100,41400,2800,13%,2600,13%,0,5400,13%,15300
E14000834,Newcastle-under-Lyme,England,West Midlands,19200,18700,37900,2500,13%,2100,11%,0,4600,12%,14400
W07000055,Newport East,Wales,Wales,18200,18800,37000,2200,12%,2100,11%,0,4200,11%,13400
W07000056,Newport West,Wales,Wales,20000,20200,40300,2100,10%,2100,10%,0,4200,10%,13200
E14000835,Newton Abbot,England,South West,19900,18600,38500,3300,17%,2900,16%,0,6200,16%,16500
E14000836,Normanton Pontefract and Castleford,England,Yorkshire & Humber,26800,26600,53500,3600,13%,3000,11%,0,6600,12%,20200
S14000048,North Ayrshire and Arran,Scotland,Scotland,18800,17700,36500,2700,14%,2400,14%,0,5100,14%,13600
E14000837,North Cornwall,England,South West,17800,16600,34500,3900,22%,3000,18%,0,6800,20%,16600
E14000838,North Devon,England,South West,20500,18900,39400,3600,17%,2900,15%,0,6500,16%,17000
E14000839,North Dorset,England,South West,20000,19400,39400,3100,16%,2500,13%,0,5600,14%,15900
E14000840,North Durham,England,North East,18300,17900,36200,2600,14%,2300,13%,0,4900,14%,14500
E14000841,North East Bedfordshire,England,East of England,28700,27800,56600,3800,13%,3000,11%,0,6700,12%,20200
E14000842,North East Cambridgeshire,England,East of England,26000,26400,52400,2900,11%,2300,9%,0,5300,10%,17800
E14000843,North East Derbyshire,England,East Midlands,20200,19100,39400,2800,14%,2200,12%,0,5000,13%,15300
S14000049,North East Fife,Scotland,Scotland,15200,14300,29500,2700,18%,2300,16%,0,5000,17%,11200
E14000844,North East Hampshire,England,South East,23600,24300,47800,3400,14%,2700,11%,0,6100,13%,16500
E14000845,North East Hertfordshire,England,East of England,23400,23000,46400,3300,14%,2700,12%,0,6000,13%,16500
E14000846,North East Somerset,England,South West,21700,21100,42800,3300,15%,2800,13%,0,6000,14%,16900
E14000847,North Herefordshire,England,West Midlands,18100,16800,34900,2600,14%,1800,11%,0,4400,13%,13200
E14000848,North Norfolk,England,East of England,14600,13800,28400,2900,20%,2400,18%,0,5300,19%,12800
E14000849,North Shropshire,England,West Midlands,22700,21900,44700,3400,15%,2400,11%,0,5900,13%,16800
E14000850,North Somerset,England,South West,23100,22600,45700,3400,15%,2600,12%,0,6000,13%,16900
E14000851,North Swindon,England,South West,29100,29700,58800,3700,13%,2900,10%,0,6500,11%,22400
E14000852,North Thanet,England,South East,20000,17700,37700,3100,15%,2600,15%,0,5600,15%,14900
E14000853,North Tyneside,England,North East,24400,23000,47500,3000,12%,2700,12%,0,5800,12%,17600
E14000854,North Warwickshire,England,West Midlands,21400,21100,42500,2900,14%,2500,12%,0,5400,13%,17800
E14000855,North West Cambridgeshire,England,East of England,33400,33600,66900,4000,12%,3300,10%,0,7300,11%,23400
E14000856,North West Durham,England,North East,19900,18800,38600,2700,14%,2300,12%,0,5100,13%,15000
E14000857,North West Hampshire,England,South East,26000,27200,53300,3400,13%,2600,9%,0,5900,11%,17200
E14000858,North West Leicestershire,England,East Midlands,23700,24100,47800,3200,14%,2400,10%,0,5600,12%,19600
E14000859,North West Norfolk,England,East of England,20500,19900,40400,3200,16%,2500,12%,0,5700,14%,15200
E14000860,North Wiltshire,England,South West,20200,20700,40900,2700,14%,2100,10%,0,4800,12%,14200
E14000861,Northampton North,England,East Midlands,22500,22000,44500,3000,14%,2800,13%,0,5900,13%,16900
E14000862,Northampton South,England,East Midlands,26000,26600,52500,3500,14%,3300,12%,0,6800,13%,19600
E14000863,Norwich North,England,East of England,20600,20600,41200,3100,15%,2900,14%,0,5900,14%,16700
E14000864,Norwich South,England,East of England,21100,21400,42500,3100,15%,3100,14%,0,6100,14%,16500
E14000865,Nottingham East,England,East Midlands,20600,21800,42300,2900,14%,3200,15%,0,6100,14%,16800
E14000866,Nottingham North,England,East Midlands,21900,20100,42000,2800,13%,2500,12%,0,5300,13%,16600
E14000867,Nottingham South,England,East Midlands,19800,20800,40600,2600,13%,2500,12%,0,5100,12%,15100
E14000868,Nuneaton,England,West Midlands,22700,22800,45500,2700,12%,2400,11%,0,5100,11%,17000
S14000050,Ochil and South Perthshire,Scotland,Scotland,22400,21500,43900,3700,17%,2900,14%,0,6600,15%,17500
W07000074,Ogmore,Wales,Wales,16500,16100,32500,1900,12%,1700,11%,0,3700,11%,12000
E14000869,Old Bexley and Sidcup,England,London,21100,19100,40100,3000,14%,2500,13%,0,5500,14%,14400
E14000870,Oldham East and Saddleworth,England,North West,21500,21300,42800,2800,13%,3000,14%,0,5800,14%,16500
E14000871,Oldham West and Royton,England,North West,20700,21600,42300,2600,13%,3300,15%,0,5900,14%,16800
S14000051,Orkney and Shetland,Scotland,Scotland,10800,10500,21300,1000,9%,800,7%,0,1700,8%,6500
E14000872,Orpington,England,London,20900,19200,40100,2900,14%,2300,12%,0,5200,13%,13700
E14000873,Oxford East,England,South East,29200,29800,59000,4200,14%,4100,14%,0,8300,14%,22800
E14000874,Oxford West and Abingdon,England,South East,24800,25500,50400,3300,13%,2900,11%,0,6200,12%,17000
S14000052,Paisley and Renfrewshire North,Scotland,Scotland,22700,21500,44200,3300,14%,2800,13%,0,6100,14%,17500
S14000053,Paisley and Renfrewshire South,Scotland,Scotland,19900,18700,38600,2800,14%,2500,14%,0,5300,14%,15500
E14000875,Pendle,England,North West,18100,18900,37000,2700,15%,2900,16%,0,5700,15%,16800
E14000876,Penistone and Stocksbridge,England,Yorkshire & Humber,20300,19200,39500,2700,13%,2600,14%,0,5300,13%,15000
E14000877,Penrith and The Border,England,North West,18400,17000,35400,4000,22%,2500,15%,0,6500,18%,16400
S14000054,Perth and North Perthshire,Scotland,Scotland,21400,20700,42100,3700,17%,3100,15%,0,6800,16%,17600
E14000878,Peterborough,England,East of England,28200,30900,59100,3300,12%,3400,11%,0,6700,11%,20600
E14000879,Plymouth Moor View,England,South West,20200,19600,39700,2200,11%,1900,10%,0,4100,10%,14100
E14000880,Plymouth Sutton and Devonport,England,South West,23200,24000,47300,3400,14%,3100,13%,0,6400,14%,19100
W07000075,Pontypridd,Wales,Wales,17900,16900,34800,2200,12%,1900,11%,0,4000,12%,12500
E14000881,Poole,England,South West,22400,21500,43900,3400,15%,3000,14%,0,6400,15%,17900
E14000882,Poplar and Limehouse,England,London,35900,43100,79000,5000,14%,7100,16%,0,12100,15%,29700
E14000883,Portsmouth North,England,South East,24600,22400,47000,3400,14%,2800,13%,0,6300,13%,17600
E14000884,Portsmouth South,England,South East,21500,21600,43100,3700,17%,3500,16%,0,7100,17%,18200
W07000065,Preseli Pembrokeshire,Wales,Wales,14600,13500,28200,2500,17%,1800,14%,0,4400,15%,11000
E14000885,Preston,England,North West,19100,21500,40600,2300,12%,2600,12%,0,4900,12%,15100
E14000886,Pudsey,England,Yorkshire & Humber,23100,21900,45000,2800,12%,2600,12%,0,5400,12%,15700
E14000887,Putney,England,London,24900,23100,48000,3700,15%,3600,15%,0,7200,15%,17900
E14000888,Rayleigh and Wickford,England,East of England,22400,21600,43900,3400,15%,2600,12%,0,5900,14%,16500
E14000889,Reading East,England,South East,28600,30400,59000,3800,13%,3700,12%,0,7400,13%,20300
E14000890,Reading West,England,South East,28000,28000,56100,3800,13%,3500,12%,0,7200,13%,20400
E14000891,Redcar,England,North East,18200,17200,35400,2400,13%,1800,10%,0,4200,12%,12200
E14000892,Redditch,England,West Midlands,21800,21400,43100,2900,13%,2400,11%,0,5300,12%,18700
E14000893,Reigate,England,South East,24900,23600,48500,3300,13%,2900,12%,0,6300,13%,16000
W07000052,Rhondda,Wales,Wales,13400,12600,26000,1500,11%,1400,11%,0,2900,11%,10300
E14000894,Ribble Valley,England,North West,23700,22800,46500,3500,15%,2700,12%,0,6300,13%,18000
E14000895,Richmond (Yorks),England,Yorkshire & Humber,22500,23900,46400,3900,18%,2300,10%,0,6300,14%,15900
E14000896,Richmond Park,England,London,25500,25700,51200,3600,14%,3300,13%,0,6900,13%,16400
E14000897,Rochdale,England,North West,21400,22300,43700,2500,12%,3200,14%,0,5700,13%,16400
E14000898,Rochester and Strood,England,South East,26000,25200,51200,3500,14%,2900,11%,0,6400,13%,18700
E14000899,Rochford and Southend East,England,East of England,22300,21700,44000,3400,15%,3300,15%,0,6600,15%,17600
E14000900,Romford,England,London,25300,22600,47900,3700,15%,3200,14%,0,6900,14%,17800
E14000901,Romsey and Southampton North,England,South East,19400,19100,38500,2600,14%,2200,12%,0,4900,13%,13200
S14000055,Ross Skye and Lochaber,Scotland,Scotland,15100,14700,29800,2900,19%,2500,17%,0,5400,18%,12700
E14000902,Rossendale and Darwen,England,North West,22300,21000,43300,2700,12%,2600,13%,0,5400,12%,16800
E14000903,Rother Valley,England,Yorkshire & Humber,21900,21100,43000,2800,13%,2700,13%,0,5500,13%,16500
E14000904,Rotherham,England,Yorkshire & Humber,18000,18000,36000,2500,14%,2400,13%,0,4900,14%,14800
E14000905,Rugby,England,West Midlands,25200,26900,52100,3000,12%,2600,10%,0,5600,11%,18000
E14000906,Ruislip Northwood and Pinner,England,London,21500,20400,41900,3200,15%,2900,14%,0,6100,15%,14700
E14000907,Runnymede and Weybridge,England,South East,24100,23500,47600,3700,15%,3400,14%,0,7100,15%,18800
E14000908,Rushcliffe,England,East Midlands,22400,21700,44100,2600,12%,2400,11%,0,5000,11%,14700
S14000056,Rutherglen and Hamilton West,Scotland,Scotland,25600,24000,49600,3200,13%,3100,13%,0,6400,13%,18900
E14000909,Rutland and Melton,England,East Midlands,22700,22300,45000,3500,16%,2600,12%,0,6100,14%,17600
E14000910,Saffron Walden,England,East of England,26000,25100,51100,4200,16%,3500,14%,0,7700,15%,19900
E14000911,Salford and Eccles,England,North West,28900,29800,58700,4200,15%,4600,15%,0,8800,15%,24700
E14000912,Salisbury,England,South West,22900,22400,45300,3000,13%,2600,12%,0,5600,12%,15600
E14000913,Scarborough and Whitby,England,Yorkshire & Humber,20200,19000,39200,4100,20%,3500,18%,0,7600,19%,18700
E14000914,Scunthorpe,England,Yorkshire & Humber,19100,20800,39900,2300,12%,2000,9%,0,4300,11%,14000
E14000915,Sedgefield,England,North East,18000,17800,35800,2300,12%,2000,12%,0,4300,12%,13900
E14000916,Sefton Central,England,North West,16800,15700,32500,2100,12%,1800,11%,0,3900,12%,10700
E14000917,Selby and Ainsty,England,Yorkshire & Humber,24200,23800,48000,3800,16%,2700,11%,0,6500,14%,18000
E14000918,Sevenoaks,England,South East,20500,19900,40400,3200,16%,2400,12%,0,5600,14%,14800
E14000921,Sheffield Brightside and Hillsborough,England,Yorkshire & Humber,21900,21600,43400,2700,12%,2800,13%,0,5500,13%,16400
E14000919,Sheffield Central,England,Yorkshire & Humber,21300,22800,44100,2800,13%,3200,14%,0,6000,14%,16700
E14000922,Sheffield Hallam,England,Yorkshire & Humber,19100,18300,37500,2000,11%,2000,11%,0,4100,11%,10900
E14000923,Sheffield Heeley,England,Yorkshire & Humber,20700,19400,40100,2600,13%,2600,13%,0,5200,13%,15000
E14000920,Sheffield South East,England,Yorkshire & Humber,20200,19800,40000,2700,13%,2600,13%,0,5300,13%,16100
E14000924,Sherwood,England,East Midlands,23400,22400,45900,3300,14%,2800,13%,0,6200,13%,18000
E14000925,Shipley,England,Yorkshire & Humber,21200,20500,41700,2700,13%,2600,13%,0,5300,13%,15300
E14000926,Shrewsbury and Atcham,England,West Midlands,24100,22500,46500,3500,14%,2700,12%,0,6200,13%,17400
E14000927,Sittingbourne and Sheppey,England,South East,24900,25300,50200,2900,12%,2500,10%,0,5400,11%,18000
E14000928,Skipton and Ripon,England,Yorkshire & Humber,21800,20300,42000,4100,19%,2800,14%,0,6900,16%,17000
E14000929,Sleaford and North Hykeham,England,East Midlands,25700,25500,51200,3100,12%,2400,9%,0,5400,11%,16800
E14000930,Slough,England,South East,33500,34700,68200,5300,16%,5700,16%,0,11000,16%,29400
E14000931,Solihull,England,West Midlands,22400,22400,44800,3200,14%,2800,12%,0,6000,13%,17500
E14000932,Somerton and Frome,England,South West,22500,21700,44100,3900,17%,2900,13%,0,6800,15%,18200
E14000933,South Basildon and East Thurrock,England,East of England,23500,22500,45900,3200,13%,2600,11%,0,5700,12%,17700
E14000934,South Cambridgeshire,England,East of England,28100,28400,56500,3300,12%,2800,10%,0,6100,11%,17400
E14000935,South Derbyshire,England,East Midlands,25000,25100,50100,3300,13%,2600,10%,0,6000,12%,19800
E14000936,South Dorset,England,South West,19100,18700,37800,3400,18%,3200,17%,0,6500,17%,16000
E14000937,South East Cambridgeshire,England,East of England,28000,28200,56200,3500,12%,2900,10%,0,6400,11%,18500
E14000938,South East Cornwall,England,South West,17600,16400,34100,2800,16%,2100,13%,0,5000,15%,13600
E14000939,South Holland and The Deepings,England,East Midlands,23500,24400,47900,2600,11%,2000,8%,0,4600,10%,14800
E14000940,South Leicestershire,England,East Midlands,26000,24800,50800,3700,14%,3000,12%,0,6600,13%,20200
E14000941,South Norfolk,England,East of England,23900,23000,46900,3100,13%,2600,11%,0,5700,12%,16300
E14000942,South Northamptonshire,England,East Midlands,30500,29900,60400,4200,14%,3300,11%,0,7500,12%,22300
E14000943,South Ribble,England,North West,22400,21500,43800,2900,13%,2400,11%,0,5200,12%,15200
E14000944,South Shields,England,North East,16300,15700,32000,2100,13%,2100,13%,0,4300,13%,12800
E14000945,South Staffordshire,England,West Midlands,20700,19500,40100,3100,15%,2400,12%,0,5500,14%,16500
E14000946,South Suffolk,England,East of England,19700,18800,38500,2800,14%,2300,12%,0,5100,13%,15300
E14000947,South Swindon,England,South West,26500,28700,55200,3500,13%,2900,10%,0,6300,11%,20600
E14000948,South Thanet,England,South East,19300,17700,37000,3000,16%,2700,15%,0,5700,15%,14600
E14000949,South West Bedfordshire,England,East of England,26700,26400,53100,3900,15%,3300,12%,0,7100,13%,21500
E14000950,South West Devon,England,South West,20500,19600,40100,2500,12%,1900,10%,0,4500,11%,14200
E14000951,South West Hertfordshire,England,East of England,24800,24000,48800,4000,16%,3200,13%,0,7100,15%,18100
E14000952,South West Norfolk,England,East of England,22400,22600,45000,3400,15%,2300,10%,0,5700,13%,16500
E14000953,South West Surrey,England,South East,22500,22800,45300,3400,15%,2800,12%,0,6200,14%,16400
E14000954,South West Wiltshire,England,South West,23100,22900,46000,3800,16%,2800,12%,0,6600,14%,18000
E14000955,Southampton Itchen,England,South East,24900,24600,49600,3600,14%,3400,14%,0,7000,14%,20200
E14000956,Southampton Test,England,South East,25400,25900,51300,3300,13%,3200,12%,0,6500,13%,18300
E14000957,Southend West,England,East of England,20000,19000,39000,2800,14%,2700,14%,0,5400,14%,14200
E14000958,Southport,England,North West,20000,17600,37500,2900,15%,2600,15%,0,5500,15%,14400
E14000959,Spelthorne,England,South East,21000,20900,42000,3400,16%,3300,16%,0,6800,16%,18000
E14000960,St Albans,England,East of England,24100,24000,48100,3200,13%,2800,11%,0,6000,12%,15900
E14000961,St Austell and Newquay,England,South West,22900,21500,44400,4900,22%,4200,20%,0,9200,21%,22200
E14000962,St Helens North,England,North West,21900,21200,43100,2500,11%,2100,10%,0,4600,11%,15500
E14000963,St Helens South and Whiston,England,North West,23500,22200,45700,2600,11%,2200,10%,0,4800,10%,16000
E14000964,St Ives,England,South West,16500,15100,31600,3700,22%,2800,19%,0,6500,21%,14900
E14000965,Stafford,England,West Midlands,22100,22200,44200,2800,13%,2200,10%,0,5000,11%,15800
E14000966,Staffordshire Moorlands,England,West Midlands,16600,15700,32300,2400,15%,1700,11%,0,4200,13%,12900
E14000967,Stalybridge and Hyde,England,North West,21700,20900,42600,2700,13%,2800,13%,0,5500,13%,16600
E14000968,Stevenage,England,East of England,24600,23500,48100,2900,12%,2600,11%,0,5600,12%,16100
S14000057,Stirling,Scotland,Scotland,19700,18800,38500,3200,16%,2600,14%,0,5800,15%,15600
E14000969,Stockport,England,North West,21000,20100,41200,2800,13%,2800,14%,0,5500,13%,15600
E14000970,Stockton North,England,North East,19300,18500,37800,2400,12%,2000,11%,0,4400,12%,13600
E14000971,Stockton South,England,North East,22800,22400,45200,2800,12%,2300,10%,0,5100,11%,15500
E14000972,Stoke-on-Trent Central,England,West Midlands,17600,19200,36800,2300,13%,2200,12%,0,4500,12%,14500
E14000973,Stoke-on-Trent North,England,West Midlands,20700,20900,41600,2700,13%,2600,12%,0,5300,13%,17500
E14000974,Stoke-on-Trent South,England,West Midlands,19000,19400,38400,2400,12%,2000,10%,0,4400,11%,15500
E14000975,Stone,England,West Midlands,18700,18600,37300,2700,15%,2200,12%,0,4900,13%,14800
E14000976,Stourbridge,England,West Midlands,18800,18700,37600,2700,14%,2500,14%,0,5300,14%,16000
E14000977,Stratford-on-Avon,England,West Midlands,21200,20600,41700,3900,18%,3100,15%,0,7000,17%,18300
E14000978,Streatham,England,London,32300,29500,61900,4900,15%,5100,17%,0,9900,16%,25100
E14000979,Stretford and Urmston,England,North West,23700,22900,46700,3100,13%,3300,14%,0,6300,14%,17500
E14000980,Stroud,England,South West,23900,23000,46900,3500,15%,2700,12%,0,6200,13%,18200
E14000981,Suffolk Coastal,England,East of England,20000,19800,39800,3600,18%,2500,13%,0,6100,15%,15400
E14000982,Sunderland Central,England,North East,19800,19600,39400,2400,12%,2800,14%,0,5200,13%,15100
E14000983,Surrey Heath,England,South East,26300,25600,52000,4000,15%,3400,13%,0,7400,14%,19800
E14000984,Sutton and Cheam,England,London,21300,20400,41700,3100,14%,2800,14%,0,5800,14%,15300
E14000985,Sutton Coldfield,England,West Midlands,21800,20900,42700,3200,15%,2700,13%,0,5900,14%,16300
W07000048,Swansea East,Wales,Wales,17600,17400,35000,2100,12%,2000,12%,0,4100,12%,12500
W07000047,Swansea West,Wales,Wales,14200,14700,28900,1900,13%,1900,13%,0,3800,13%,10300
E14000986,Tamworth,England,West Midlands,22100,22600,44800,3500,16%,2700,12%,0,6200,14%,20500
E14000987,Tatton,England,North West,18900,19000,37900,3300,17%,2900,15%,0,6100,16%,14600
E14000988,Taunton Deane,England,South West,27400,25800,53100,3700,13%,3200,12%,0,6900,13%,19300
E14000989,Telford,England,West Midlands,22000,22600,44600,2700,12%,2400,11%,0,5100,12%,18100
E14000990,Tewkesbury,England,South West,25000,24000,49100,3600,14%,2700,11%,0,6300,13%,18500
E14000991,The Cotswolds,England,South West,21600,21600,43200,4000,19%,3000,14%,0,7100,16%,18100
E14000992,The Wrekin,England,West Midlands,21100,21500,42600,2600,12%,2200,10%,0,4800,11%,15700
E14000993,Thirsk and Malton,England,Yorkshire & Humber,21100,19900,41000,3800,18%,2500,12%,0,6300,15%,16800
E14000994,Thornbury and Yate,England,South West,21300,21100,42300,2700,12%,2300,11%,0,4900,12%,15200
E14000995,Thurrock,England,East of England,31200,30700,61900,5100,16%,4000,13%,0,9100,15%,24400
E14000996,Tiverton and Honiton,England,South West,21700,20100,41800,3400,16%,2700,13%,0,6000,14%,16700
E14000997,Tonbridge and Malling,England,South East,23600,22800,46400,3500,15%,2900,13%,0,6400,14%,17100
E14000998,Tooting,England,London,28900,26000,54900,3500,12%,3500,14%,0,7000,13%,18300
E14000999,Torbay,England,South West,20800,19200,40000,3700,18%,3700,19%,0,7500,19%,18200
W07000053,Torfaen,Wales,Wales,17900,17400,35300,2000,11%,2000,12%,0,4000,11%,13000
E14001000,Torridge and West Devon,England,South West,19500,17300,36800,3300,17%,2400,14%,0,5700,15%,15300
E14001001,Totnes,England,South West,16100,14700,30800,3500,22%,2600,18%,0,6100,20%,14400
E14001002,Tottenham,England,London,33600,33800,67400,7200,21%,8100,24%,0,15300,23%,37000
E14001003,Truro and Falmouth,England,South West,20400,18800,39200,3800,19%,3300,17%,0,7000,18%,17600
E14001004,Tunbridge Wells,England,South East,23100,22700,45700,3600,16%,3000,13%,0,6600,14%,17000
E14001005,Twickenham,England,London,25900,25200,51100,3700,14%,3400,14%,0,7100,14%,17800
E14001006,Tynemouth,England,North East,23000,21300,44300,2800,12%,2500,12%,0,5300,12%,15000
E14001007,Uxbridge and South Ruislip,England,London,24900,24400,49300,3800,15%,3700,15%,0,7500,15%,20000
W07000060,Vale of Clwyd,Wales,Wales,14800,13700,28500,1900,13%,1900,14%,0,3800,13%,10600
W07000078,Vale of Glamorgan,Wales,Wales,22300,20600,42900,2800,12%,2500,12%,0,5300,12%,15500
E14001008,Vauxhall,England,London,32100,33000,65100,4800,15%,5300,16%,0,10100,16%,25600
E14001009,Wakefield,England,Yorkshire & Humber,22000,22200,44200,2900,13%,2800,13%,0,5700,13%,17100
E14001010,Wallasey,England,North West,19500,17800,37300,2400,12%,2300,13%,0,4700,13%,13100
E14001011,Walsall North,England,West Midlands,19600,19800,39400,2700,14%,2600,13%,0,5400,14%,17000
E14001012,Walsall South,England,West Midlands,19400,21100,40500,2800,14%,3000,14%,0,5700,14%,17000
E14001013,Walthamstow,England,London,28200,28200,56400,4900,17%,5600,20%,0,10400,19%,25200
E14001014,Wansbeck,England,North East,17600,16300,33900,2100,12%,1900,11%,0,3900,12%,11500
E14001015,Wantage,England,South East,30500,31000,61500,3600,12%,2600,8%,0,6200,10%,19300
E14001016,Warley,England,West Midlands,20200,21000,41200,2900,14%,3200,15%,0,6100,15%,17500
E14001017,Warrington North,England,North West,22900,22600,45500,3000,13%,2500,11%,0,5400,12%,16500
E14001018,Warrington South,England,North West,27300,27600,54900,3600,13%,3000,11%,0,6700,12%,19100
E14001019,Warwick and Leamington,England,West Midlands,24100,25300,49400,3300,14%,2900,11%,0,6200,13%,18700
E14001020,Washington and Sunderland West,England,North East,18000,17900,36000,2500,14%,2300,13%,0,4800,13%,15700
E14001021,Watford,England,East of England,31200,30200,61400,4700,15%,4400,15%,0,9100,15%,23900
E14001022,Waveney,England,East of England,20000,20000,40000,3200,16%,2700,13%,0,5900,15%,15900
E14001023,Wealden,England,South East,22200,20800,43000,3500,16%,2700,13%,0,6300,15%,17200
E14001024,Weaver Vale,England,North West,21200,20800,42000,2900,14%,2400,11%,0,5300,13%,14700
E14001025,Wellingborough,England,East Midlands,27300,27400,54700,3800,14%,3100,11%,0,6900,13%,21700
E14001026,Wells,England,South West,22300,21700,43900,4500,20%,3200,15%,0,7700,18%,19300
E14001027,Welwyn Hatfield,England,East of England,26100,26600,52600,3500,14%,3100,12%,0,6600,13%,18500
E14001028,Wentworth and Dearne,England,Yorkshire & Humber,21700,20900,42700,2600,12%,2300,11%,0,4800,11%,16200
S14000058,West Aberdeenshire and Kincardine,Scotland,Scotland,21500,21800,43300,3000,14%,2600,12%,0,5600,13%,15200
E14001029,West Bromwich East,England,West Midlands,19100,19200,38300,2600,13%,2600,14%,0,5200,14%,16300
E14001030,West Bromwich West,England,West Midlands,19900,20300,40200,2600,13%,2600,13%,0,5200,13%,17300
E14001031,West Dorset,England,South West,19600,18100,37700,3200,16%,2600,14%,0,5800,15%,15300
S14000059,West Dunbartonshire,Scotland,Scotland,21400,19100,40600,2800,13%,2300,12%,0,5100,13%,14800
E14001032,West Ham,England,London,41700,45000,86700,8400,20%,9700,22%,0,18100,21%,43500
E14001033,West Lancashire,England,North West,21200,20700,41900,2700,13%,2300,11%,0,5000,12%,14500
E14001034,West Suffolk,England,East of England,25500,25700,51200,3600,14%,2700,11%,0,6300,12%,19600
E14001035,West Worcestershire,England,West Midlands,19500,18600,38100,3000,15%,2300,12%,0,5300,14%,15000
E14001036,Westminster North,England,London,22400,22600,45000,3700,17%,4300,19%,0,8000,18%,17900
E14001037,Westmorland and Lonsdale,England,North West,18700,17800,36400,5100,27%,4300,24%,0,9400,26%,20500
E14001038,Weston-Super-Mare,England,South West,25500,24400,49900,3900,15%,3200,13%,0,7100,14%,20200
E14001039,Wigan,England,North West,23200,22600,45800,2800,12%,2400,11%,0,5300,11%,17000
E14001040,Wimbledon,England,London,23800,23800,47600,3200,13%,3000,13%,0,6200,13%,15400
E14001041,Winchester,England,South East,21500,21700,43200,2900,13%,2500,11%,0,5400,12%,14700
E14001042,Windsor,England,South East,24500,24400,48900,4100,17%,3700,15%,0,7900,16%,19500
E14001043,Wirral South,England,North West,16400,15400,31800,2100,13%,2000,13%,0,4100,13%,11100
E14001044,Wirral West,England,North West,15300,13800,29100,1900,12%,1700,13%,0,3600,12%,9400
E14001045,Witham,England,East of England,21100,20600,41700,3300,15%,2500,12%,0,5700,14%,16400
E14001046,Witney,England,South East,26000,25800,51800,4100,16%,3100,12%,0,7200,14%,20000
E14001047,Woking,England,South East,25400,27600,53000,3600,14%,3200,12%,0,6800,13%,19300
E14001048,Wokingham,England,South East,28100,28300,56400,3500,12%,3000,10%,0,6500,11%,17600
E14001049,Wolverhampton North East,England,West Midlands,19900,18900,38900,2400,12%,2200,12%,0,4600,12%,15300
E14001050,Wolverhampton South East,England,West Midlands,19200,19800,38900,2400,13%,2500,13%,0,4900,13%,16800
E14001051,Wolverhampton South West,England,West Midlands,18300,18500,36800,2200,12%,2300,12%,0,4500,12%,13400
E14001052,Worcester,England,West Midlands,25100,24400,49500,3400,13%,3000,12%,0,6400,13%,20000
E14001053,Workington,England,North West,17200,17000,34200,3300,19%,2300,13%,0,5600,16%,14200
E14001054,Worsley and Eccles South,England,North West,24700,23800,48500,3400,14%,3100,13%,0,6600,14%,19000
E14001055,Worthing West,England,South East,21100,19500,40600,3100,15%,2700,14%,0,5800,14%,15400
W07000044,Wrexham,Wales,Wales,15700,15800,31600,2000,13%,2000,12%,0,4000,13%,11600
E14001056,Wycombe,England,South East,26300,26500,52800,4200,16%,4000,15%,0,8100,15%,21800
E14001057,Wyre and Preston North,England,North West,20800,19800,40600,2700,13%,2500,13%,0,5200,13%,14100
E14001058,Wyre Forest,England,West Midlands,21300,20400,41700,3100,15%,2800,14%,0,5900,14%,18300
E14001059,Wythenshawe and Sale East,England,North West,25500,24000,49500,3600,14%,3800,16%,0,7500,15%,19900
E14001060,Yeovil,England,South West,24500,24700,49200,3300,13%,2500,10%,0,5800,12%,18100
W07000041,Ynys Mn,Wales,Wales,13400,12200,25600,2100,15%,1600,13%,0,3700,14%,9000
E14001061,York Central,England,Yorkshire & Humber,25100,23800,49000,4800,19%,4000,17%,0,8800,18%,21000
E14001062,York Outer,England,Yorkshire & Humber,21400,20100,41400,3100,14%,2400,12%,0,5500,13%,14800
N06000001,Belfast East,Northern Ireland,Northern Ireland,21400,20400,41800,2800,13%,2700,13%,0,5500,13%,14700
N06000002,Belfast North,Northern Ireland,Northern Ireland,21800,20800,42500,3300,15%,3000,14%,0,6300,15%,16400
N06000003,Belfast South,Northern Ireland,Northern Ireland,23600,24100,47600,2800,12%,3000,13%,0,5800,12%,15600
N06000004,Belfast West,Northern Ireland,Northern Ireland,20100,18200,38300,2900,14%,2700,15%,0,5500,14%,14100
N06000005,East Antrim,Northern Ireland,Northern Ireland,19100,17700,36800,2600,13%,2300,13%,0,4800,13%,13500
N06000006,East Londonderry,Northern Ireland,Northern Ireland,18900,16700,35600,2900,15%,2600,16%,0,5500,15%,14500
N06000007,Fermanagh and South Tyrone,Northern Ireland,Northern Ireland,22000,21000,43100,2700,12%,2200,10%,0,4900,11%,15300
N06000008,Foyle,Northern Ireland,Northern Ireland,20600,18900,39500,2700,13%,2600,14%,0,5200,13%,13500
N06000009,Lagan Valley,Northern Ireland,Northern Ireland,24000,22200,46100,3100,13%,2800,13%,0,5900,13%,17500
N06000010,Mid Ulster,Northern Ireland,Northern Ireland,22000,20700,42700,2600,12%,2500,12%,0,5100,12%,18500
N06000011,Newry and Armagh,Northern Ireland,Northern Ireland,24000,21600,45600,3300,14%,2900,14%,0,6200,14%,17500
N06000012,North Antrim,Northern Ireland,Northern Ireland,23300,21000,44300,3000,13%,3000,14%,0,6000,14%,17700
N06000013,North Down,Northern Ireland,Northern Ireland,18600,16600,35200,2400,13%,2300,14%,0,4800,14%,12400
N06000014,South Antrim,Northern Ireland,Northern Ireland,23800,22100,45900,3000,13%,2800,13%,0,5800,13%,17500
N06000015,South Down,Northern Ireland,Northern Ireland,23500,20200,43700,3300,14%,3100,16%,0,6500,15%,17900
N06000016,Strangford,Northern Ireland,Northern Ireland,19300,16900,36200,2400,13%,2300,13%,0,4700,13%,13300
N06000017,Upper Bann,Northern Ireland,Northern Ireland,27400,27300,54700,3600,13%,3100,11%,0,6700,12%,19500
N06000018,West Tyrone,Northern Ireland,Northern Ireland,18600,16600,35200,2100,11%,2000,12%,0,4100,12%,13300